nome,sexo
Fabio Ogata,M
Mário Rocha,M
Marcelo Cunha,M
Antonio Azola,M
Rodrigo Bustamente,M
Marcelo Gershfeld,M
Rafael Alberto,M
Cássia Lima,F
Tiago Ellwanger,M
Eliane Tokeshi,F
Sérgio Aluotto,M
Israel Muniz,M
Marcus Julius,M
Patrick Messias,M
Max Teppich,M
Hassuero Coutinho,M
Carlos Aleixo,M
Alberto Fernandes,M
Marco Antonio Maia Drumond,M
Afranio Lacerda,M
João Marcos Dias,M
Adonhiran Reis,M
Antônio Afonso Gonçalves,M
Alceu Reis,M
Javer Gomes de Oliveira,M
Nuno Pinto,M
Fausto Borem,M
Fábio Mechetti,M
Leandro Cardoso,M
Marcos Arakaki,M
Werner Silveira,M
Arnon de Oliveira,M
Leonardo Brasilino,M
Hélio Azevedo,M
Alexandre Silva,M
Maurício Loureiro,M
Oséas Arantes,M
Nilson Bellotto,M
Joanna Bello,F
Hyu Jung,F
Alexandre Barros,M
Oiliam Lanna,M
Luís Otávio Santos,M
Dante Coutinho,M
Mark Mulley,M
Sérgio Gomes,M
Moacir Laterza,M
Gerry Varona,M
Frank Haemmer,M
Celina Szervinsky,F
Egberto Gismonti,M
Renato Lisboa,M
Rogério Vasconcelos,M
André Gonçalves,M
João Carlos Ferreira,M
Eduardo Swerts,M
João Pedro Oliveira,M
Luís Garcia,M
Rommel Fernandes,M
Rossini Parucci,M
Leonardo Gorozito,M
Mabio Duarte,M
Fernando Rocha,M
Tássio Furtado,M
Robson Fonseca,M
Stephanie Freitas,F
Érico Fonseca,M
Patrício Hernandez,M
Alice Belém,F
Arthur Andrés,M
Rafael Martini,M
Wallace Mariano,M
Valdir Claudino,M
Luciano Datele,M
Gideoni Loamir,M
Felipe Rossi,M
Moises Guimaraes,M
Josafá Ferreira,M
Marlon Humphrey,M
Rodrigo Oliveira,M
Camila Pacífico,F
Publio Silva,M
Anderson Sidney,M
Tiago Barbosa,M
Daniel Lemos,M
Jonatas Bueno,M
André Geiger,M
Pablo Guiñez,M
Ana Paula Schmidt,F
Nilson Belloto,M
Helder Trefzger,M
Fabiano Andrade,M
Rúben Zuniga,M
Ney Franco,M
Gustavo Trindade,M
Flávia Mota,F
Rafael Marcenes,M
Davi Fonseca,M
Marcos Lemes,M
Ayume Shigeta,F
Thiago Nunes,M
Rafael Macedo,M
Victor Araújo,M
Marcelo Nébias,M
Lucas Barros,M
Rafael Gaspar,M
Paula Mendes,F
Xante,M
Elias Barros,M
Paulo Rosa,M
Jose Vitor,M
Alma Maria Liebrecht,F
Alef Caetano,M
Ravel Lanza,M
Firmino Cavazza,M
Gustavo Pifer,M
Isaque Macedo,M
Katherine Carignan,F
Henrique Rocha,M
Gabriel Faustino,M
Renzo Costa,M
Renata Xavier,F
Paulo Fróis,M
Cleusa Nebias,F
Eduardo Campos,M
Maurício Freire,M
Luís Humbelino,M
Rodrigo Braga,M
Daniel Damasceno,M
William Barros,M
Giovanni Martins,M
Ayumi Shigeta,F
Vivian Meira,F
Lucas Henrique,M
Igor Lima,M
Jovany Gomes,M
Patrícia Valadão,F
Luka milanovic,M
Joana Boechat,F
Leonidas Caceres,M
Rodrigo Miranda,M
Lucas Barreto,M
Cátia Neris,F
Igor Pereira,M
Antonio Magalhães,M
Lucas Damasceno,M
Margarida Borghoff,F
Giordano,M
Camila Ribeiro,F
Luiza Salles,F
Josineia Godinho,F
Helcio Vaz,M
Marcos Freitas,M
Isabele Alves,F
Arthur Yan,M
coral de trombones e tubas da UFMG,
Jovana Trifunovic,F
William Neres,M
Rodolfo Toffolo,M
Robério Molinari,M
Ana Paula,F
